{"cameraMode":{"drawMode":0,"name":"Shaded","section":"Shading Mode"},"sceneLighting":true,"audioPlay":false,"sceneViewState":{"m_AlwaysRefresh":false,"showFog":true,"showSkybox":true,"showFlares":true,"showImageEffects":true,"showParticleSystems":true,"showVisualEffectGraphs":true,"m_FxEnabled":true},"in2DMode":false,"pivot":{"x":27.705463409423829,"y":-2.343151092529297,"z":3.6013150215148927},"rotation":{"x":-0.19684839248657227,"y":-0.7470409870147705,"z":0.25238749384880068,"w":-0.5826522707939148},"size":10.428839683532715,"orthographic":false}